-- -------------------------------------------------
-- @date 2017-05-18
-- @author xfli
-- @notes 基础数据集
-- -------------------------------------------------

SET NAMES utf8;

-- ------------------------------------
-- 用户信息表
-- ------------------------------------
BEGIN;
INSERT INTO `notes_users` (`id`, `user_login`, `user_pass`, `user_email`, `avatar`, `last_login_ip`, `last_login_time`, `create_time`, `last_login_address`, `user_status`, `email_token`, `status`, `email_send_time`, `email_expired_time`, `find_back_email_expired_time`) VALUES
(1, 'admin@163.com', '14e1b600b1fd579f47433b88e8d85291', 'admin@163.com', '', '', '2017-05-09 07:05:17', '2017-05-09 07:05:17', '', 1, 'bac3a1a8b4e8b04721643d9d3cf7a810', 1, 1494287296, 1580687296, 7200);
COMMIT;

-- ------------------------------------
-- 目录表
-- ------------------------------------
BEGIN;
INSERT INTO `notes_categorys` (`id`, `name_category`, `sub_categorys_count`, `files_include`, `create_category_time`, `last_update_time`, `last_visit_time`, `status`, `is_root`, `is_leaf`, `category_type`, `user_id`) VALUES
(1, '人工智能', 0, 0, 1495065080, 1495065080, 1495065080, 1, 1, 0, 1, 1),
(2, '物联网', 0, 0, 1495065117, 1495065117, 1495065117, 1, 1, 0, 1, 1),
(3, '云计算', 0, 0, 1495065132, 1495065132, 1495065132, 1, 1, 0, 1, 1),
(4, '软件研发', 0, 0, 1495065144, 1495065144, 1495065144, 1, 1, 0, 1, 1),
(5, '智能基础架构', 0, 0, 1495065179, 1495065179, 1495065179, 1, 0, 0, 1, 1),
(6, '智能应用', 0, 0, 1495065193, 1495065193, 1495065193, 1, 0, 0, 1, 1),
(7, '智能认知', 0, 0, 1495065211, 1495065211, 1495065211, 1, 0, 0, 1, 1),
(8, '智能感知', 0, 0, 1495065221, 1495065221, 1495065221, 1, 0, 0, 1, 1),
(9, '人工智能机器学习', 0, 0, 1495065241, 1495065241, 1495065241, 1, 0, 0, 1, 1),
(10, '机器学习', 0, 0, 1495065252, 1495065252, 1495065252, 1, 0, 0, 1, 1),
(11, '人工智能开发框架', 0, 0, 1495065265, 1495065265, 1495065265, 1, 0, 0, 1, 1),
(12, '机器翻译', 0, 0, 1495065284, 1495065284, 1495065284, 1, 0, 0, 1, 1),
(13, '搜索引擎', 0, 0, 1495065296, 1495065296, 1495065296, 1, 0, 0, 1, 1),
(14, '深度学习', 0, 0, 1495065310, 1495065310, 1495065310, 1, 0, 0, 1, 1),
(15, '无人驾驶', 0, 0, 1495065321, 1495065321, 1495065321, 1, 0, 0, 1, 1),
(16, '机器人', 0, 0, 1495065332, 1495065332, 1495065332, 1, 0, 0, 1, 1),
(17, '虚拟现实（VR）', 0, 0, 1495065360, 1495065360, 1495065360, 1, 0, 0, 1, 1),
(18, '人工智能规划与决策', 0, 0, 1495065374, 1495065374, 1495065374, 1, 0, 0, 1, 1),
(19, '自然语言理解和处理', 0, 0, 1495065386, 1495065386, 1495065386, 1, 0, 0, 1, 1),
(20, '语音识别与合成', 0, 0, 1495065410, 1495065410, 1495065410, 1, 0, 0, 1, 1),
(21, '计算机视觉', 0, 0, 1495065420, 1495065420, 1495065420, 1, 0, 0, 1, 1),
(22, '推荐系统', 0, 0, 1495065436, 1495065436, 1495065436, 1, 0, 0, 1, 1),
(23, 'OpenCV', 0, 0, 1495065456, 1495065456, 1495065456, 1, 0, 0, 1, 1),
(24, '物联网控制层', 0, 0, 1495065542, 1495065542, 1495065542, 1, 0, 0, 1, 1),
(25, '物联网应用层', 0, 0, 1495065630, 1495065630, 1495065630, 1, 0, 0, 1, 1),
(26, '物联网平台层', 0, 0, 1495065641, 1495065641, 1495065641, 1, 0, 0, 1, 1),
(27, '物联网网络层', 0, 0, 1495065652, 1495065652, 1495065652, 1, 0, 0, 1, 1),
(28, '物联网感知层', 0, 0, 1495065663, 1495065663, 1495065663, 1, 0, 0, 1, 1),
(29, '物联网系统集成应用服务', 0, 0, 1495065679, 1495065679, 1495065679, 1, 0, 0, 1, 1),
(30, '物联网应用智能终端', 0, 0, 1495065690, 1495065690, 1495065690, 1, 0, 0, 1, 1),
(31, 'BI 商业智能', 0, 0, 1495065701, 1495065701, 1495065701, 1, 0, 0, 1, 1),
(32, '计算机网络', 0, 0, 1495065721, 1495065721, 1495065721, 1, 0, 0, 1, 1),
(33, '物联网应用开发平台', 0, 0, 1495065735, 1495065735, 1495065735, 1, 0, 0, 1, 1),
(34, '操作系统', 0, 0, 1495065746, 1495065746, 1495065746, 1, 0, 0, 1, 1),
(35, '嵌入式开发', 0, 0, 1495065756, 1495065756, 1495065756, 1, 0, 0, 1, 1),
(36, '物联网传输技术', 0, 0, 1495065778, 1495065778, 1495065778, 1, 0, 0, 1, 1),
(37, '智能传感器', 0, 0, 1495065795, 1495065795, 1495065795, 1, 0, 0, 1, 1),
(38, '智能芯片', 0, 0, 1495065806, 1495065806, 1495065806, 1, 0, 0, 1, 1),
(39, '大数据', 0, 0, 1495065832, 1495065832, 1495065832, 1, 0, 0, 1, 1),
(40, '云计算', 0, 0, 1495065841, 1495065841, 1495065841, 1, 0, 0, 1, 1),
(41, '虚拟化', 0, 0, 1495065851, 1495065851, 1495065851, 1, 0, 0, 1, 1),
(42, '数据库/数据分析', 0, 0, 1495065862, 1495065862, 1495065862, 1, 0, 0, 1, 1),
(43, '云平台', 0, 0, 1495065871, 1495065871, 1495065871, 1, 0, 0, 1, 1),
(44, '算法与数据结构', 0, 0, 1495065888, 1495065888, 1495065888, 1, 0, 0, 1, 1),
(45, 'Hbase', 0, 0, 1495065900, 1495065900, 1495065900, 1, 0, 0, 1, 1),
(46, 'Kafka', 0, 0, 1495065910, 1495065910, 1495065910, 1, 0, 0, 1, 1),
(47, 'Hive', 0, 0, 1495065921, 1495065921, 1495065921, 1, 0, 0, 1, 1),
(48, '区块链', 0, 0, 1495065932, 1495065932, 1495065932, 1, 0, 0, 1, 1),
(49, 'Hadoop', 0, 0, 1495065942, 1495065942, 1495065942, 1, 0, 0, 1, 1),
(50, 'Apache Spark', 0, 0, 1495065953, 1495065953, 1495065953, 1, 0, 0, 1, 1),
(51, 'Mesos', 0, 0, 1495065971, 1495065971, 1495065971, 1, 0, 0, 1, 1),
(52, 'Docker', 0, 0, 1495065981, 1495065981, 1495065981, 1, 0, 0, 1, 1),
(53, '微服务', 0, 0, 1495065992, 1495065992, 1495065992, 1, 0, 0, 1, 1),
(54, 'OpenStack', 0, 0, 1495066003, 1495066003, 1495066003, 1, 0, 0, 1, 1),
(55, 'Vmware', 0, 0, 1495066021, 1495066021, 1495066021, 1, 0, 0, 1, 1),
(56, 'Hyper-V', 0, 0, 1495066031, 1495066031, 1495066031, 1, 0, 0, 1, 1),
(57, 'MongoDB', 0, 0, 1495066056, 1495066056, 1495066056, 1, 0, 0, 1, 1),
(58, 'Redis', 0, 0, 1495066067, 1495066067, 1495066067, 1, 0, 0, 1, 1),
(59, 'MySQL', 0, 0, 1495066077, 1495066077, 1495066077, 1, 0, 0, 1, 1),
(60, 'SaaS', 0, 0, 1495066098, 1495066098, 1495066098, 1, 0, 0, 1, 1),
(61, '前端', 0, 0, 1495066118, 1495066118, 1495066118, 1, 0, 0, 1, 1),
(62, '后端', 0, 0, 1495066128, 1495066128, 1495066128, 1, 0, 0, 1, 1),
(63, '编程语言', 0, 0, 1495066137, 1495066137, 1495066137, 1, 0, 0, 1, 1),
(64, '移动开发', 0, 0, 1495066147, 1495066147, 1495066147, 1, 0, 0, 1, 1),
(65, '应用技术', 0, 0, 1495066156, 1495066156, 1495066156, 1, 0, 0, 1, 1),
(66, 'bootstrap', 0, 0, 1495066171, 1495066171, 1495066171, 1, 0, 0, 1, 1),
(67, 'AngularJS', 0, 0, 1495066180, 1495066180, 1495066180, 1, 0, 0, 1, 1),
(68, 'jQuery', 0, 0, 1495066189, 1495066189, 1495066189, 1, 0, 0, 1, 1),
(69, 'HTML5', 0, 0, 1495066200, 1495066200, 1495066200, 1, 0, 0, 1, 1),
(70, 'CSS3', 0, 0, 1495066210, 1495066210, 1495066210, 1, 0, 0, 1, 1),
(71, 'JavaScript', 0, 0, 1495066220, 1495066220, 1495066220, 1, 0, 0, 1, 1),
(72, 'Node.js', 0, 0, 1495066239, 1495066239, 1495066239, 1, 0, 0, 1, 1),
(73, '大型网站架构', 0, 0, 1495066250, 1495066250, 1495066250, 1, 0, 0, 1, 1),
(74, 'Java EE', 0, 0, 1495066262, 1495066262, 1495066262, 1, 0, 0, 1, 1),
(75, 'Java', 0, 0, 1495066277, 1495066277, 1495066277, 1, 0, 0, 1, 1),
(76, 'lua', 0, 0, 1495066288, 1495066288, 1495066288, 1, 0, 0, 1, 1),
(77, 'Scala', 0, 0, 1495066297, 1495066297, 1495066297, 1, 0, 0, 1, 1),
(78, 'PHP', 0, 0, 1495066305, 1495066305, 1495066305, 1, 0, 0, 1, 1),
(79, 'Python', 0, 0, 1495066314, 1495066314, 1495066314, 1, 0, 0, 1, 1),
(80, 'Objective-C', 0, 0, 1495066323, 1495066323, 1495066323, 1, 0, 0, 1, 1),
(81, 'C++', 0, 0, 1495066331, 1495066331, 1495066331, 1, 0, 0, 1, 1),
(82, 'Cocos引擎', 0, 0, 1495066346, 1495066346, 1495066346, 1, 0, 0, 1, 1),
(83, '微信开发', 0, 0, 1495066355, 1495066355, 1495066355, 1, 0, 0, 1, 1),
(84, 'Android', 0, 0, 1495066363, 1495066363, 1495066363, 1, 0, 0, 1, 1),
(85, 'iOS', 0, 0, 1495066371, 1495066371, 1495066371, 1, 0, 0, 1, 1),
(86, '直播技术', 0, 0, 1495066389, 1495066389, 1495066389, 1, 0, 0, 1, 1),
(87, '调试', 0, 0, 1495205588, 1495205588, 1495205588, 1, 1, 0, 2, 1),
(88, '工具', 0, 0, 1495205685, 1495205685, 1495205685, 1, 1, 0, 2, 1),
(89, '前端框架', 0, 0, 1495205727, 1495205727, 1495205727, 1, 1, 0, 2, 1),
(90, '后端框架', 0, 0, 1495205748, 1495205748, 1495205748, 1, 1, 0, 2, 1),
(91, '大数据', 0, 0, 1495205759, 1495205759, 1495205759, 1, 1, 0, 2, 1),
(92, '算法与数据结构', 0, 0, 1495205768, 1495205768, 1495205768, 1, 1, 0, 2, 1),
(93, '财经', 0, 0, 1495205778, 1495205778, 1495205778, 1, 1, 0, 2, 1),
(94, '体育', 0, 0, 1495205789, 1495205789, 1495205789, 1, 1, 0, 2, 1),
(95, '新闻', 0, 0, 1495205799, 1495205799, 1495205799, 1, 1, 0, 2, 1),
(96, '视频', 0, 0, 1495205809, 1495205809, 1495205809, 1, 1, 0, 2, 1),
(97, '社区', 0, 0, 1495205819, 1495205819, 1495205819, 1, 1, 0, 2, 1),
(98, '微服务', 0, 0, 1495205830, 1495205830, 1495205830, 1, 1, 0, 2, 1),
(99, '系统软件', 0, 0, 1496586982, 1496586982, 1496586982, 1, 1, 0, 3, 1),
(100, '开发软件', 0, 0, 1496586994, 1496586994, 1496586994, 1, 1, 0, 3, 1),
(101, '日常工具', 0, 0, 1496587003, 1496587003, 1496587003, 1, 1, 0, 3, 1),
(102, '操作系统', 0, 0, 1496587012, 1496587012, 1496587012, 1, 1, 0, 3, 1);
COMMIT;

-- ------------------------------------
-- 目录树关系表
-- ------------------------------------
BEGIN;
INSERT INTO `notes_files_tree` (`ancestor_id`, `descendant_id`, `depth`) VALUES
(1, 1, 0),
(1, 5, 1),
(1, 6, 1),
(1, 7, 1),
(1, 8, 1),
(1, 9, 2),
(1, 10, 2),
(1, 11, 2),
(1, 12, 2),
(1, 13, 2),
(1, 14, 2),
(1, 15, 2),
(1, 16, 2),
(1, 17, 2),
(1, 18, 2),
(1, 19, 2),
(1, 20, 2),
(1, 21, 2),
(1, 22, 2),
(1, 23, 2),
(2, 2, 0),
(2, 24, 1),
(2, 25, 1),
(2, 26, 1),
(2, 27, 1),
(2, 28, 1),
(2, 29, 2),
(2, 30, 2),
(2, 31, 2),
(2, 32, 2),
(2, 33, 2),
(2, 34, 2),
(2, 35, 2),
(2, 36, 2),
(2, 37, 2),
(2, 38, 2),
(3, 3, 0),
(3, 39, 1),
(3, 40, 1),
(3, 41, 1),
(3, 42, 1),
(3, 43, 1),
(3, 44, 2),
(3, 45, 2),
(3, 46, 2),
(3, 47, 2),
(3, 48, 2),
(3, 49, 2),
(3, 50, 2),
(3, 51, 2),
(3, 52, 2),
(3, 53, 2),
(3, 54, 2),
(3, 55, 2),
(3, 56, 2),
(3, 57, 2),
(3, 58, 2),
(3, 59, 2),
(3, 60, 2),
(4, 4, 0),
(4, 61, 1),
(4, 62, 1),
(4, 63, 1),
(4, 64, 1),
(4, 65, 1),
(4, 66, 2),
(4, 67, 2),
(4, 68, 2),
(4, 69, 2),
(4, 70, 2),
(4, 71, 2),
(4, 72, 2),
(4, 73, 2),
(4, 74, 2),
(4, 75, 2),
(4, 76, 2),
(4, 77, 2),
(4, 78, 2),
(4, 79, 2),
(4, 80, 2),
(4, 81, 2),
(4, 82, 2),
(4, 83, 2),
(4, 84, 2),
(4, 85, 2),
(4, 86, 2),
(5, 5, 0),
(5, 9, 1),
(5, 10, 1),
(5, 11, 1),
(6, 6, 0),
(6, 12, 1),
(6, 13, 1),
(6, 14, 1),
(6, 15, 1),
(6, 16, 1),
(7, 7, 0),
(7, 17, 1),
(7, 18, 1),
(7, 19, 1),
(8, 8, 0),
(8, 20, 1),
(8, 21, 1),
(8, 22, 1),
(8, 23, 1),
(9, 9, 0),
(10, 10, 0),
(11, 11, 0),
(12, 12, 0),
(13, 13, 0),
(14, 14, 0),
(15, 15, 0),
(16, 16, 0),
(17, 17, 0),
(18, 18, 0),
(19, 19, 0),
(20, 20, 0),
(21, 21, 0),
(22, 22, 0),
(23, 23, 0),
(24, 24, 0),
(25, 25, 0),
(25, 29, 1),
(25, 30, 1),
(25, 31, 1),
(26, 26, 0),
(26, 32, 1),
(26, 33, 1),
(26, 34, 1),
(26, 35, 1),
(27, 27, 0),
(27, 36, 1),
(28, 28, 0),
(28, 37, 1),
(28, 38, 1),
(29, 29, 0),
(30, 30, 0),
(31, 31, 0),
(32, 32, 0),
(33, 33, 0),
(34, 34, 0),
(35, 35, 0),
(36, 36, 0),
(37, 37, 0),
(38, 38, 0),
(39, 39, 0),
(39, 44, 1),
(39, 45, 1),
(39, 46, 1),
(39, 47, 1),
(39, 48, 1),
(39, 49, 1),
(39, 50, 1),
(40, 40, 0),
(40, 51, 1),
(40, 52, 1),
(40, 53, 1),
(40, 54, 1),
(41, 41, 0),
(41, 55, 1),
(41, 56, 1),
(42, 42, 0),
(42, 57, 1),
(42, 58, 1),
(42, 59, 1),
(43, 43, 0),
(43, 60, 1),
(44, 44, 0),
(45, 45, 0),
(46, 46, 0),
(47, 47, 0),
(48, 48, 0),
(49, 49, 0),
(50, 50, 0),
(51, 51, 0),
(52, 52, 0),
(53, 53, 0),
(54, 54, 0),
(55, 55, 0),
(56, 56, 0),
(57, 57, 0),
(58, 58, 0),
(59, 59, 0),
(60, 60, 0),
(61, 61, 0),
(61, 66, 1),
(61, 67, 1),
(61, 68, 1),
(61, 69, 1),
(61, 70, 1),
(61, 71, 1),
(62, 62, 0),
(62, 72, 1),
(62, 73, 1),
(62, 74, 1),
(63, 63, 0),
(63, 75, 1),
(63, 76, 1),
(63, 77, 1),
(63, 78, 1),
(63, 79, 1),
(63, 80, 1),
(63, 81, 1),
(64, 64, 0),
(64, 82, 1),
(64, 83, 1),
(64, 84, 1),
(64, 85, 1),
(65, 65, 0),
(65, 86, 1),
(66, 66, 0),
(67, 67, 0),
(68, 68, 0),
(69, 69, 0),
(70, 70, 0),
(71, 71, 0),
(72, 72, 0),
(73, 73, 0),
(74, 74, 0),
(75, 75, 0),
(76, 76, 0),
(77, 77, 0),
(78, 78, 0),
(79, 79, 0),
(80, 80, 0),
(81, 81, 0),
(82, 82, 0),
(83, 83, 0),
(84, 84, 0),
(85, 85, 0),
(86, 86, 0),
(87, 87, 0),
(88, 88, 0),
(89, 89, 0),
(90, 90, 0),
(91, 91, 0),
(92, 92, 0),
(93, 93, 0),
(94, 94, 0),
(95, 95, 0),
(96, 96, 0),
(97, 97, 0),
(98, 98, 0),
(99, 99, 0),
(100, 100, 0),
(101, 101, 0),
(102, 102, 0);
COMMIT;

-- ------------------------------------
-- 收藏夹表
-- ------------------------------------
BEGIN;
INSERT INTO `notes_favorites` (`id`, `category_id`, `fav_title`, `fav_url`, `fav_hot`, `create_category_time`, `last_update_time`, `last_visit_time`, `fav_status`, `user_id`) VALUES
(1, 87, 'VMware+Windgb+Win7内核驱动调试', 'http://yexin218.iteye.com/blog/545187', 0, 1495206072, 1495206072, 1495206072, 1, 1),
(2, 87, 'C++内存泄漏调试工具-valgrind', 'http://valgrind.org/', 0, 1495206160, 1495206160, 1495206160, 1, 1),
(3, 88, 'json在线编辑', 'http://qqe2.com/', 0, 1495206239, 1495206239, 1495206239, 1, 1),
(4, 88, 'css在线压缩与美化', 'http://tool.lu/css/', 0, 1495206292, 1495206292, 1495206292, 1, 1),
(5, 88, 'ASCII码对照表', 'http://ascii.911cha.com/', 0, 1495206358, 1495206358, 1495206358, 1, 1),
(6, 88, 'RGB颜色查询对照表', 'http://www.114la.com/other/rgb.htm', 0, 1495206386, 1495206386, 1495206386, 1, 1),
(7, 88, '数字转IP地址 IP地址转数字', 'http://www.msxindl.com/tools/ip/ip_num.asp', 0, 1495206428, 1495206428, 1495206428, 1, 1),
(8, 96, '爱奇艺', 'http://www.iqiyi.com/', 0, 1495206487, 1495206487, 1495206487, 1, 1),
(9, 96, '腾讯视频', 'http://v.qq.com', 0, 1495206521, 1495206521, 1495206521, 1, 1),
(10, 96, '芒果TV', 'http://www.mgtv.com/', 0, 1495206554, 1495206554, 1495206554, 1, 1),
(11, 96, '优酷', 'http://www.youku.com/', 0, 1495206577, 1495206577, 1495206577, 1, 1),
(12, 93, '东方财富网', 'http://www.eastmoney.com/', 0, 1495206737, 1495206737, 1495206737, 1, 1),
(13, 93, '证券之星', 'http://www.stockstar.com/', 0, 1495206762, 1495206762, 1495206762, 1, 1),
(14, 93, '凤凰财经', 'http://finance.ifeng.com/', 0, 1495206789, 1495206789, 1495206789, 1, 1),
(15, 93, '网易财经', 'http://money.163.com/', 0, 1495206812, 1495206812, 1495206812, 1, 1),
(16, 93, '第一财经', 'http://www.yicai.com/', 0, 1495206875, 1495206875, 1495206875, 1, 1),
(17, 93, '界面', 'http://www.jiemian.com/lists/86.html', 0, 1495206933, 1495206933, 1495206933, 1, 1),
(18, 94, '直播吧', 'http://www.zhibo8.cc/', 0, 1495206980, 1495206980, 1495206980, 1, 1),
(19, 94, '新浪体育', 'http://sports.sina.com.cn/', 0, 1495207020, 1495207020, 1495207020, 1, 1),
(20, 94, '网易体育', 'http://sports.163.com/', 0, 1495207050, 1495207050, 1495207050, 1, 1),
(21, 94, '凤凰体育', 'http://sports.ifeng.com/', 0, 1495207088, 1495207088, 1495207088, 1, 1),
(22, 94, '腾讯体育', 'http://sports.qq.com/', 0, 1495207141, 1495207141, 1495207141, 1, 1),
(23, 95, '腾讯新闻', 'http://news.qq.com/', 0, 1495207200, 1495207200, 1495207200, 1, 1),
(24, 95, '搜狐新闻', 'http://news.sohu.com/', 0, 1495207228, 1495207228, 1495207228, 1, 1),
(25, 95, '网易新闻', 'http://news.163.com/', 0, 1495207250, 1495207250, 1495207250, 1, 1),
(26, 95, '东方头条', 'https://mini.eastday.com/?qid=360dh', 0, 1495207285, 1495207285, 1495207285, 1, 1);
COMMIT;

